ID,answer
TG_A_J_20230304,3063.7031718300177
TG_E_S_20230304,3504.937440236144
TG_E_J_20230304,815.3142643531855
TG_D_S_20230304,3279.712678808575
TG_D_J_20230304,0.0
TG_C_S_20230304,4329.49888093934
TG_C_J_20230304,4753.739318493536
TG_B_S_20230304,3727.6852378809162
TG_B_J_20230304,2610.99409098863
TG_A_S_20230304,4164.245802842122
TG_B_J_20230305,0.0
TG_E_J_20230305,0.0
TG_D_S_20230305,0.0
TG_A_J_20230305,0.0
TG_E_S_20230305,0.0
TG_C_J_20230305,0.0
TG_A_S_20230305,0.0
TG_C_S_20230305,0.0
TG_D_J_20230305,0.0
TG_B_S_20230305,0.0
TG_E_S_20230306,3969.797102186785
TG_E_J_20230306,1066.3034766780042
TG_D_J_20230306,487.9016552420346
TG_B_S_20230306,3711.116999136967
TG_A_J_20230306,3343.883798532226
TG_C_S_20230306,4196.588484132133
TG_A_S_20230306,4077.4049008350044
TG_D_S_20230306,3391.4573960507505
TG_B_J_20230306,3150.547236751114
TG_C_J_20230306,3776.7452774704343
TG_D_S_20230307,4005.8440177252933
TG_B_J_20230307,3236.185724820611
TG_C_J_20230307,4002.2944908255117
TG_A_S_20230307,4206.476434602646
TG_E_J_20230307,788.7678274480941
TG_C_S_20230307,4271.2763199992905
TG_E_S_20230307,3812.374091916922
TG_D_J_20230307,0.0
TG_B_S_20230307,3946.278588367364
TG_A_J_20230307,3541.109864433193
TG_B_S_20230308,3902.120204777426
TG_A_J_20230308,3527.458664344671
TG_C_J_20230308,4242.429149157479
TG_C_S_20230308,4280.644264292845
TG_A_S_20230308,4209.949102553741
TG_B_J_20230308,3587.601272835107
TG_E_J_20230308,674.5908711764149
TG_E_S_20230308,3785.4141023391358
TG_D_J_20230308,0.0
TG_D_S_20230308,4006.5862509537565
TG_B_S_20230309,4286.94990747341
TG_A_S_20230309,4401.255288796758
TG_D_J_20230309,0.0
TG_D_S_20230309,4133.059284598116
TG_C_J_20230309,4669.17439186891
TG_A_J_20230309,3582.5143957263963
TG_B_J_20230309,3316.6805100132524
TG_E_S_20230309,3848.0166941428024
TG_E_J_20230309,720.4682001613494
TG_C_S_20230309,4618.900217486565
TG_A_J_20230310,3862.7706576942055
TG_A_S_20230310,4541.701304974548
TG_E_J_20230310,970.6702518208647
TG_D_S_20230310,4298.426380432411
TG_D_J_20230310,627.9828362246902
TG_E_S_20230310,3877.1735379494603
TG_C_J_20230310,5534.989269986147
TG_C_S_20230310,4830.624056035847
TG_B_S_20230310,4316.760175546105
TG_B_J_20230310,3780.8852947983128
TG_A_S_20230311,4329.15890669078
TG_C_S_20230311,4516.049748918441
TG_D_J_20230311,624.3875296659235
TG_C_J_20230311,5204.326075456227
TG_A_J_20230311,3363.5928994634105
TG_D_S_20230311,3942.555977619504
TG_E_J_20230311,568.6951475724117
TG_E_S_20230311,3530.6042414697895
TG_B_J_20230311,2745.2521304108423
TG_B_S_20230311,4122.632081569238
TG_A_S_20230312,0.0
TG_C_J_20230312,0.0
TG_E_J_20230312,0.0
TG_B_J_20230312,0.0
TG_C_S_20230312,0.0
TG_A_J_20230312,0.0
TG_D_S_20230312,0.0
TG_E_S_20230312,0.0
TG_B_S_20230312,0.0
TG_D_J_20230312,0.0
TG_C_J_20230313,4118.132029560935
TG_B_J_20230313,3213.7354358558077
TG_B_S_20230313,3945.244996082195
TG_C_S_20230313,4557.237482979453
TG_D_S_20230313,3604.4389943890837
TG_E_J_20230313,918.5127664752439
TG_A_J_20230313,3795.4941998461245
TG_D_J_20230313,566.3740776432347
TG_E_S_20230313,3781.759752972461
TG_A_S_20230313,4362.888329172543
TG_A_S_20230314,4389.200366860103
TG_C_S_20230314,4517.79505946395
TG_C_J_20230314,4338.6587315092465
TG_D_S_20230314,3423.3575505164845
TG_A_J_20230314,3496.5672841558926
TG_B_S_20230314,3959.3234516101234
TG_E_J_20230314,746.0007551942126
TG_B_J_20230314,2979.8852511285577
TG_E_S_20230314,3696.8848823544013
TG_D_J_20230314,0.0
TG_A_S_20230315,4315.992054027558
TG_E_J_20230315,673.9027919757448
TG_B_J_20230315,3071.8385179947927
TG_E_S_20230315,3725.3893981789583
TG_D_S_20230315,3739.7964801199932
TG_C_S_20230315,4514.9237726579195
TG_C_J_20230315,4571.102517180412
TG_A_J_20230315,3466.9506315682647
TG_B_S_20230315,3910.0538396763873
TG_D_J_20230315,0.0
TG_C_S_20230316,4882.961645551506
TG_D_J_20230316,447.5977160911122
TG_E_S_20230316,3736.9713842857427
TG_A_J_20230316,3508.6750946886864
TG_D_S_20230316,3975.3010430088093
TG_E_J_20230316,775.3804345896265
TG_B_S_20230316,4058.2971231411702
TG_B_J_20230316,3015.8773040428223
TG_A_S_20230316,4379.652256333841
TG_C_J_20230316,4830.11035235964
TG_C_J_20230317,5793.950703418942
TG_C_S_20230317,5007.286821229185
TG_D_J_20230317,807.2919430819105
TG_D_S_20230317,4080.7030921651963
TG_E_S_20230317,3798.6153177944134
TG_E_J_20230317,1108.588812199503
TG_B_S_20230317,4192.435207883287
TG_B_J_20230317,3597.2779074256187
TG_A_S_20230317,4586.475949309403
TG_A_J_20230317,4153.941321833618
TG_C_S_20230318,4839.334246396454
TG_D_J_20230318,1007.6625879104414
TG_B_J_20230318,2597.095181282595
TG_E_J_20230318,691.4138201542567
TG_E_S_20230318,3411.9980188151867
TG_A_S_20230318,4371.0522621806085
TG_C_J_20230318,5794.052681357096
TG_B_S_20230318,4168.799356275915
TG_A_J_20230318,3506.2905287639214
TG_D_S_20230318,3704.0834673705394
TG_A_J_20230319,0.0
TG_D_J_20230319,0.0
TG_E_J_20230319,0.0
TG_A_S_20230319,0.0
TG_E_S_20230319,0.0
TG_C_S_20230319,0.0
TG_B_S_20230319,0.0
TG_C_J_20230319,0.0
TG_D_S_20230319,0.0
TG_B_J_20230319,0.0
TG_E_S_20230320,3969.720773550482
TG_E_J_20230320,1007.0562885860883
TG_D_S_20230320,4114.372687472598
TG_B_S_20230320,4537.8478335572745
TG_A_J_20230320,4286.185313384844
TG_C_J_20230320,4998.3097471997635
TG_D_J_20230320,785.1438342068711
TG_B_J_20230320,3688.432446456538
TG_C_S_20230320,4917.311947666109
TG_A_S_20230320,4645.158610445304
TG_B_S_20230321,4662.046042201104
TG_D_J_20230321,725.5865827586351
TG_A_J_20230321,4171.513558050054
TG_C_S_20230321,5204.169642575938
TG_C_J_20230321,5517.54158847446
TG_E_J_20230321,1103.228938192956
TG_E_S_20230321,4082.570937890415
TG_A_S_20230321,4860.783231315008
TG_D_S_20230321,4402.7017204418735
TG_B_J_20230321,3476.9774510509424
TG_C_J_20230322,5300.095727087877
TG_E_J_20230322,1331.5615256766082
TG_B_S_20230322,4544.15437476164
TG_D_S_20230322,4156.508554793731
TG_D_J_20230322,703.5460410526517
TG_E_S_20230322,4172.902529226001
TG_C_S_20230322,4889.139199675521
TG_B_J_20230322,3439.266842718117
TG_A_S_20230322,4641.816094655772
TG_A_J_20230322,4056.495531168557
TG_C_J_20230323,5702.226373067426
TG_B_S_20230323,4707.703793362822
TG_D_S_20230323,4381.139154780077
TG_A_S_20230323,4827.804893638138
TG_D_J_20230323,767.9992644931604
TG_B_J_20230323,3581.16184635267
TG_C_S_20230323,5248.688469655963
TG_A_J_20230323,4539.919807253269
TG_E_S_20230323,4304.106588438575
TG_E_J_20230323,1555.58581203495
TG_B_S_20230324,4576.820419391528
TG_C_S_20230324,5144.819220899646
TG_A_S_20230324,4905.503464016834
TG_D_S_20230324,4497.954917511512
TG_E_S_20230324,4202.20066019472
TG_A_J_20230324,4958.027400372033
TG_B_J_20230324,3570.0160726826116
TG_E_J_20230324,1432.2979534950796
TG_D_J_20230324,1440.85103505785
TG_C_J_20230324,6273.827521246632
TG_E_S_20230325,3803.849745824195
TG_C_S_20230325,5005.8316405484775
TG_C_J_20230325,6189.389970603777
TG_A_S_20230325,4845.661324018251
TG_E_J_20230325,1344.7377088607154
TG_A_J_20230325,4214.055853482652
TG_D_J_20230325,1728.5832452016691
TG_B_J_20230325,2848.7458520532155
TG_D_S_20230325,4288.337641109237
TG_B_S_20230325,4646.582423057178
TG_B_S_20230326,0.0
TG_B_J_20230326,0.0
TG_A_S_20230326,0.0
TG_D_S_20230326,0.0
TG_E_S_20230326,0.0
TG_E_J_20230326,0.0
TG_C_S_20230326,0.0
TG_D_J_20230326,0.0
TG_A_J_20230326,0.0
TG_C_J_20230326,0.0
TG_E_J_20230327,1773.1085291474394
TG_D_J_20230327,1036.4482474895542
TG_B_J_20230327,4392.904007997635
TG_E_S_20230327,4286.189264123372
TG_D_S_20230327,4441.553879431024
TG_A_J_20230327,4955.077914264314
TG_B_S_20230327,4978.8054623994485
TG_C_S_20230327,5417.820395072225
TG_C_J_20230327,6304.010173483133
TG_A_S_20230327,4916.816746475832
TG_A_S_20230328,4997.9845580681085
TG_D_S_20230328,4603.894224975196
TG_C_J_20230328,5357.7522198005545
TG_E_J_20230328,1305.604031885331
TG_E_S_20230328,4186.203032422734
TG_B_S_20230328,4965.462226308775
TG_C_S_20230328,5388.29966874918
TG_B_J_20230328,3452.825801252692
TG_A_J_20230328,4499.08435974786
TG_D_J_20230328,829.2304386080912
TG_C_J_20230329,5916.165865730182
TG_E_S_20230329,4080.0220271933704
TG_B_S_20230329,4418.786558187032
TG_C_S_20230329,5425.715430096365
TG_E_J_20230329,1234.9469485499462
TG_D_J_20230329,1249.2875183186245
TG_A_J_20230329,3860.8663915354905
TG_A_S_20230329,4957.434150931549
TG_B_J_20230329,2639.3119851910064
TG_D_S_20230329,4292.6052459562225
TG_D_J_20230330,1321.8638338121473
TG_D_S_20230330,4052.7580977851494
TG_E_S_20230330,3742.9346927445167
TG_A_S_20230330,5161.40295387126
TG_C_S_20230330,5506.230848862947
TG_B_S_20230330,5171.195643137047
TG_B_J_20230330,4806.977334267061
TG_E_J_20230330,1193.6793409763536
TG_A_J_20230330,5308.712780495352
TG_C_J_20230330,5175.326174113561
TG_A_J_20230331,6033.4824112925435
TG_B_S_20230331,5089.428155375403
TG_B_J_20230331,4554.138511444022
TG_C_J_20230331,6308.909935062276
TG_C_S_20230331,5306.034640067961
TG_D_J_20230331,2030.3744660711623
TG_D_S_20230331,4525.581433932629
TG_A_S_20230331,5335.1642258540105
TG_E_S_20230331,4118.800372574651
TG_E_J_20230331,1964.7533919465773
BC_B_J_20230304,2434.067719890542
BC_B_S_20230304,146.33632354786124
BC_C_J_20230304,2282.4935618492327
BC_A_S_20230304,2870.143957905303
BC_D_J_20230304,2836.7976600158445
BC_E_J_20230304,2985.5369190684723
BC_E_S_20230304,2714.386491316657
BC_C_S_20230304,236.55785218119286
CR_A_J_20230304,998.32597306826
BC_A_J_20230304,2903.4056033132993
CR_B_J_20230304,364.30783410108756
CB_A_S_20230304,450.8393210382948
CB_E_J_20230304,94.16584815842418
CB_A_J_20230304,577.7631129894799
RD_A_J_20230304,517.1170901016525
CR_E_S_20230304,0.0
RD_A_S_20230304,493.88696461400355
CR_E_J_20230304,527.4581569194522
RD_C_S_20230304,63.747328873734915
CR_D_S_20230304,0.0
RD_D_J_20230304,433.2641425965433
RD_D_S_20230304,468.7427234133206
CR_D_J_20230304,960.4955413888554
RD_E_J_20230304,298.6519780004669
CR_C_J_20230304,838.478956532564
RD_E_S_20230304,96.4928453165544
CB_F_J_20230304,646.726281514523
CB_D_J_20230304,569.090263948865
RD_F_J_20230304,504.17306892446646
RD_F_J_20230305,16.937210206992006
BC_C_J_20230305,140.66995371439629
BC_C_S_20230305,0.0
RD_A_J_20230305,0.0
CR_A_J_20230305,151.92665810206512
CB_A_J_20230305,0.0
BC_D_J_20230305,193.75025052703225
BC_E_J_20230305,162.80844239812544
CB_E_J_20230305,0.0
CR_E_S_20230305,0.0
BC_B_S_20230305,0.0
CR_D_J_20230305,0.0
RD_E_J_20230305,0.0
CR_C_J_20230305,0.0
RD_E_S_20230305,0.0
RD_D_J_20230305,0.0
CR_D_S_20230305,0.0
CR_B_J_20230305,0.0
BC_A_J_20230305,0.0
RD_C_S_20230305,0.0
BC_A_S_20230305,120.48479403808228
CB_D_J_20230305,76.31813362409397
CR_E_J_20230305,0.0
BC_B_J_20230305,193.72578386614353
RD_A_S_20230305,62.21590635201824
BC_E_S_20230305,203.73253039812923
RD_D_S_20230305,53.89015578115513
CB_F_J_20230305,54.263827064798505
CB_A_S_20230305,357.7543415115176
RD_D_J_20230306,421.3813101326075
CR_E_J_20230306,1840.586040938224
BC_E_J_20230306,2829.347409130058
BC_A_J_20230306,2788.888275522363
RD_E_J_20230306,560.2593301811412
BC_B_S_20230306,424.4339697992909
RD_F_J_20230306,545.925409937179
BC_B_J_20230306,2585.5744150674686
CB_F_J_20230306,662.0882818646022
CR_E_S_20230306,0.0
RD_E_S_20230306,393.58486014127107
CR_D_S_20230306,0.0
CB_A_J_20230306,832.8143808889488
BC_C_J_20230306,2147.3745134049996
CR_B_J_20230306,1445.1215120595396
RD_D_S_20230306,508.5668843204453
CR_C_J_20230306,1829.5982605144434
BC_D_J_20230306,2663.207402670826
RD_A_J_20230306,847.3812843094122
BC_C_S_20230306,329.00958007092476
RD_C_S_20230306,100.11081458744471
RD_A_S_20230306,545.7935721723416
CR_D_J_20230306,1896.0855734670727
BC_E_S_20230306,2755.565729631029
CB_A_S_20230306,450.1370949309038
CB_E_J_20230306,359.4025459513793
CR_A_J_20230306,2227.1525667984088
BC_A_S_20230306,2776.413818669593
CB_D_J_20230306,629.2470543278489
BC_A_S_20230307,2810.7711015727973
CB_A_J_20230307,825.5307706157229
RD_C_S_20230307,120.10972236959557
RD_E_S_20230307,426.5626503023075
CR_E_J_20230307,1830.0796218143232
CR_A_J_20230307,2166.5997749502462
BC_C_S_20230307,115.32061576481614
BC_A_J_20230307,2882.7324711799465
RD_A_J_20230307,784.1735808885128
BC_C_J_20230307,2166.4120878216177
CB_F_J_20230307,657.5154471543751
RD_F_J_20230307,516.6965090136935
CR_D_S_20230307,0.0
BC_B_S_20230307,452.47333314361117
BC_E_S_20230307,2772.1022480781876
RD_D_S_20230307,536.5539666066245
RD_A_S_20230307,582.0821571602105
CR_D_J_20230307,1847.292640924812
CB_E_J_20230307,367.30399235645314
CB_D_J_20230307,596.2942474073429
BC_D_J_20230307,2755.3571978469245
BC_E_J_20230307,2916.8351658518777
CR_C_J_20230307,1263.1527398061955
RD_E_J_20230307,450.07322914241377
CR_B_J_20230307,522.0137600759101
BC_B_J_20230307,2638.01079205644
CR_E_S_20230307,0.0
CB_A_S_20230307,473.4666047528302
RD_D_J_20230307,425.5977687788883
CR_E_S_20230308,0.0
BC_B_S_20230308,263.93033758318177
RD_A_S_20230308,521.8720992165672
RD_F_J_20230308,507.5926558348093
CR_E_J_20230308,1830.2695454961222
BC_B_J_20230308,2477.1655211444645
BC_C_J_20230308,2234.6937815888814
CB_D_J_20230308,571.6267451968868
CB_A_S_20230308,451.9200781981885
CR_C_J_20230308,1441.083809418927
RD_D_J_20230308,421.95706943145217
CB_F_J_20230308,649.4998455427137
CB_A_J_20230308,816.220296300987
CR_B_J_20230308,496.36779863923846
BC_D_J_20230308,2767.9946319344504
RD_E_S_20230308,310.1178745139091
CB_E_J_20230308,365.49388365052835
RD_E_J_20230308,437.3343874108371
BC_E_J_20230308,2920.438687327935
CR_D_S_20230308,0.0
BC_A_S_20230308,2775.4650057535105
CR_A_J_20230308,2171.603882402761
RD_A_J_20230308,772.9565668550546
BC_A_J_20230308,2878.45526131972
CR_D_J_20230308,1833.9371065268845
RD_D_S_20230308,481.25320418392164
BC_E_S_20230308,2663.5578029773183
BC_C_S_20230308,145.49738616546205
RD_C_S_20230308,56.73988571037998
RD_D_S_20230309,483.8197406351926
RD_A_S_20230309,522.096893265483
CR_C_J_20230309,1486.7774676273316
CR_D_J_20230309,1854.127099739607
CB_F_J_20230309,648.5180526043283
RD_E_J_20230309,406.0036526746975
RD_D_J_20230309,423.74306883861675
CR_B_J_20230309,480.5546316828657
RD_E_S_20230309,251.78188837922735
RD_F_J_20230309,490.8347273473234
CR_E_J_20230309,1825.4068659675816
CR_D_S_20230309,0.0
CR_A_J_20230309,2200.5301214474725
BC_A_S_20230309,2719.0192172220573
BC_A_J_20230309,2847.5149916707423
RD_C_S_20230309,88.04060926897967
BC_B_J_20230309,2434.883843933046
CB_D_J_20230309,570.4833821094333
BC_E_S_20230309,2570.3826675651767
BC_B_S_20230309,163.6841736850155
RD_A_J_20230309,752.7024128847174
BC_C_S_20230309,114.3520175909595
CR_E_S_20230309,0.0
BC_C_J_20230309,2277.5836175903746
CB_A_S_20230309,451.4673343067875
BC_D_J_20230309,2761.47673089917
CB_A_J_20230309,797.1781626475771
BC_E_J_20230309,2883.0440822482824
CB_E_J_20230309,338.2187906881417
RD_E_J_20230310,407.8543689283799
CB_F_J_20230310,645.5313268054058
RD_A_J_20230310,754.4469187929691
RD_D_S_20230310,479.37826951270284
BC_A_J_20230310,2837.5623077032456
BC_C_S_20230310,114.20696192982199
CR_A_J_20230310,2260.1724136548432
CR_D_S_20230310,0.0
RD_D_J_20230310,428.22360953688303
RD_E_S_20230310,295.5770943992699
CR_C_J_20230310,1496.0951327506518
CB_A_S_20230310,443.6064837555033
CB_E_J_20230310,335.8069741351851
BC_E_J_20230310,2878.012240219621
CR_B_J_20230310,680.0944157202065
CB_A_J_20230310,781.9769486061243
CB_D_J_20230310,567.1070412690341
CR_D_J_20230310,1806.8087300503998
BC_D_J_20230310,2752.2073647644966
RD_C_S_20230310,59.4923532280159
BC_A_S_20230310,2682.1219507547844
BC_C_J_20230310,2271.633427490967
RD_F_J_20230310,498.8257000188747
CR_E_S_20230310,0.0
BC_B_J_20230310,2405.3859460151034
BC_E_S_20230310,2570.083616076551
RD_A_S_20230310,517.0645683390482
BC_B_S_20230310,105.8855695366978
CR_E_J_20230310,1773.0180077422988
BC_B_S_20230311,0.0
CR_E_J_20230311,659.0063528091899
RD_E_S_20230311,107.08392727330792
CR_B_J_20230311,732.2477426933933
CB_D_J_20230311,559.7838179044144
CB_A_S_20230311,422.8247066663917
CB_A_J_20230311,570.6633167536949
RD_D_J_20230311,391.8041763043272
RD_E_J_20230311,349.96610026253245
CB_E_J_20230311,184.06888460598677
BC_E_J_20230311,2848.7496882957257
CR_C_J_20230311,950.2615647050934
CR_D_J_20230311,733.4871085445703
BC_B_J_20230311,2423.6177013980105
RD_D_S_20230311,459.9768633291003
BC_E_S_20230311,2379.0423521314196
CR_D_S_20230311,0.0
BC_D_J_20230311,2704.2948234797514
RD_A_S_20230311,473.4695888048145
BC_C_S_20230311,237.92157303657575
CR_E_S_20230311,0.0
CB_F_J_20230311,645.5789485825904
RD_F_J_20230311,479.1666847962957
RD_A_J_20230311,468.4514738851021
BC_A_S_20230311,2649.190032525925
CR_A_J_20230311,1134.984759467669
BC_A_J_20230311,2788.090176192855
BC_C_J_20230311,2287.7046010905924
RD_C_S_20230311,91.80150388912026
CB_E_J_20230312,0.0
CR_E_S_20230312,0.0
RD_D_J_20230312,0.0
BC_E_J_20230312,136.39621887714958
RD_A_S_20230312,59.14056183668336
BC_E_S_20230312,0.0
CR_C_J_20230312,0.0
CR_D_J_20230312,0.0
RD_D_S_20230312,50.66048867816008
BC_B_J_20230312,151.57018720275357
BC_C_J_20230312,176.6628129008131
RD_A_J_20230312,0.0
CR_D_S_20230312,0.0
BC_A_J_20230312,0.0
CB_A_S_20230312,343.5177641680538
CB_D_J_20230312,75.39304822458013
BC_D_J_20230312,163.05039849116702
CR_E_J_20230312,0.0
RD_E_J_20230312,0.0
RD_C_S_20230312,0.0
CR_B_J_20230312,0.0
RD_E_S_20230312,0.0
BC_B_S_20230312,0.0
CR_A_J_20230312,0.0
BC_C_S_20230312,0.0
CB_A_J_20230312,0.0
CB_F_J_20230312,0.0
RD_F_J_20230312,0.0
BC_A_S_20230312,0.0
CB_D_J_20230313,664.7076109831014
RD_C_S_20230313,42.96900404749749
CR_E_S_20230313,0.0
CR_D_S_20230313,0.0
CR_E_J_20230313,1831.6713390097887
RD_D_J_20230313,411.9614257394138
RD_A_S_20230313,526.2579640458906
CB_A_S_20230313,443.31148814833745
CB_E_J_20230313,446.8245608237452
CB_A_J_20230313,942.2516984544784
RD_A_J_20230313,857.8323046317302
CR_D_J_20230313,1903.4230201802684
RD_D_S_20230313,484.6874926979076
RD_F_J_20230313,550.0210817327428
CR_A_J_20230313,2252.659776995862
BC_A_J_20230313,2695.5067476712175
BC_A_S_20230313,2625.983923711469
BC_B_J_20230313,2282.3871140744513
BC_B_S_20230313,290.6742161084485
BC_C_J_20230313,1838.04842779718
BC_C_S_20230313,0.0
BC_D_J_20230313,2533.603852560833
BC_E_J_20230313,2711.2718654386717
BC_E_S_20230313,2521.616080479578
CB_F_J_20230313,685.7968827354393
RD_E_S_20230313,348.42980086599346
CR_B_J_20230313,1340.222014932667
RD_E_J_20230313,489.00130875647903
CR_C_J_20230313,1791.7221620886235
BC_A_J_20230314,2721.2488220492733
BC_C_J_20230314,1804.4829556456873
CB_A_S_20230314,438.9947799517429
RD_A_J_20230314,743.5310933349207
CB_E_J_20230314,349.2447113332491
RD_D_J_20230314,407.6720734724786
BC_A_S_20230314,2645.8215530005837
CR_E_S_20230314,0.0
CR_E_J_20230314,1798.3760731998764
BC_E_J_20230314,2726.3066474696298
BC_E_S_20230314,2533.515693085237
RD_A_S_20230314,550.1956975935628
BC_B_S_20230314,166.37392785573846
BC_B_J_20230314,2216.518536223052
CB_D_J_20230314,573.5162811172471
CR_A_J_20230314,2141.6568745321238
CR_B_J_20230314,557.1332963983024
RD_E_J_20230314,431.5231920428903
RD_E_S_20230314,363.5040485397149
CB_A_J_20230314,761.6468356550129
CR_C_J_20230314,1385.6375650847733
CR_D_S_20230314,0.0
RD_F_J_20230314,520.9545912785966
BC_C_S_20230314,0.0
CB_F_J_20230314,650.5071794020384
BC_D_J_20230314,2539.1344154540134
RD_C_S_20230314,28.108196659590476
RD_D_S_20230314,505.8878248964943
CR_D_J_20230314,1820.8416028181346
BC_C_S_20230315,0.0
CB_A_J_20230315,738.5465879988325
BC_D_J_20230315,2528.8358117971143
CB_E_J_20230315,334.80980943422435
CR_D_J_20230315,1796.3747602132462
CR_E_S_20230315,0.0
RD_A_J_20230315,726.596957079773
BC_E_J_20230315,2731.318954933258
BC_B_S_20230315,0.0
BC_C_J_20230315,1804.797273683279
RD_A_S_20230315,526.7238428658355
CR_C_J_20230315,1152.4872619640919
CR_A_J_20230315,2141.6342744785215
CR_D_S_20230315,0.0
BC_A_J_20230315,2719.8587960926243
CB_A_S_20230315,434.5663222639465
RD_D_S_20230315,479.4468164057957
RD_D_J_20230315,392.09094615314194
BC_A_S_20230315,2676.6331834530265
RD_C_S_20230315,33.37408086073728
CR_E_J_20230315,1784.9303270597568
BC_E_S_20230315,2373.9807898381832
RD_E_S_20230315,320.97165160057125
RD_E_J_20230315,410.1145547595497
CR_B_J_20230315,526.618451993915
RD_F_J_20230315,509.29472505950434
BC_B_J_20230315,2237.4927541444786
CB_D_J_20230315,538.0613855201168
CB_F_J_20230315,644.9622076248792
CR_C_J_20230316,1208.8383101348004
CB_D_J_20230316,553.9529900080811
CB_A_S_20230316,436.21625717397194
CB_A_J_20230316,712.7200525079686
BC_D_J_20230316,2497.33646474691
RD_D_S_20230316,480.24099009386543
BC_E_J_20230316,2670.3676372899863
CB_F_J_20230316,652.5467558237865
BC_E_S_20230316,2361.1142272992665
CR_D_J_20230316,1809.4798316971503
BC_C_S_20230316,0.0
CR_E_J_20230316,1784.463449946726
RD_A_S_20230316,531.5144247829614
RD_D_J_20230316,411.25723543661644
BC_B_J_20230316,2184.952434835145
BC_A_J_20230316,2658.660949046946
RD_F_J_20230316,501.28096717462665
CR_A_J_20230316,2161.4047233441906
BC_B_S_20230316,0.0
RD_A_J_20230316,721.11395542199
CR_D_S_20230316,0.0
RD_E_J_20230316,406.75570440537626
CR_E_S_20230316,0.0
BC_C_J_20230316,1858.952519187242
RD_E_S_20230316,278.70000867762053
CR_B_J_20230316,535.5162884681259
CB_E_J_20230316,329.18523503425627
RD_C_S_20230316,63.38545712825879
BC_A_S_20230316,2618.4490060584635
RD_C_S_20230317,67.48064373279357
RD_E_S_20230317,250.26261073039234
BC_A_J_20230317,2682.47817260186
BC_E_S_20230317,2338.6952792818474
RD_D_J_20230317,416.9572803659578
BC_A_S_20230317,2643.5620983333165
BC_E_J_20230317,2666.1956549312754
BC_C_S_20230317,0.0
BC_B_J_20230317,2207.611716122436
RD_D_S_20230317,475.7127119330645
RD_A_J_20230317,705.628058041026
BC_B_S_20230317,0.0
RD_F_J_20230317,506.5412380813286
BC_D_J_20230317,2495.665933704252
BC_C_J_20230317,1907.185376832654
CB_F_J_20230317,641.5235985214525
CB_E_J_20230317,315.62423913551754
RD_A_S_20230317,506.1964810467087
RD_E_J_20230317,411.5072776926475
CB_D_J_20230317,546.1715368567127
CB_A_J_20230317,688.9824201558441
CR_D_J_20230317,1790.9361172720342
CR_C_J_20230317,1246.815719835226
CR_B_J_20230317,1293.8551893891763
CR_A_J_20230317,2214.264795844413
CB_A_S_20230317,416.3247647028642
CR_E_S_20230317,0.0
CR_E_J_20230317,1761.5576536210556
CR_D_S_20230317,0.0
CB_E_J_20230318,133.6719438298693
CR_C_J_20230318,589.9475509891139
RD_F_J_20230318,472.59583416014846
BC_C_S_20230318,0.0
BC_E_J_20230318,2728.376093830807
RD_E_J_20230318,356.21815567458805
CR_E_J_20230318,465.5896783071154
RD_D_J_20230318,397.83586462138265
CB_F_J_20230318,636.3707073475659
CR_D_J_20230318,580.816566931941
CR_E_S_20230318,0.0
RD_C_S_20230318,75.34162899749543
RD_A_J_20230318,374.62616204304965
CR_D_S_20230318,0.0
RD_A_S_20230318,456.7129030674228
BC_D_J_20230318,2564.8400840890513
CB_A_J_20230318,417.81746959808794
RD_D_S_20230318,452.1922162915149
BC_C_J_20230318,1905.1973600322217
BC_A_S_20230318,2653.162888233689
BC_B_J_20230318,2212.632304382671
CB_A_S_20230318,374.8397907405283
CB_D_J_20230318,543.5440800221938
BC_A_J_20230318,2714.583074307505
BC_E_S_20230318,2368.6211860285885
CR_A_J_20230318,865.6108548446259
BC_B_S_20230318,0.0
RD_E_S_20230318,101.00387137922013
CR_B_J_20230318,399.29419353478033
BC_E_J_20230319,161.4206119739192
CR_D_S_20230319,0.0
RD_C_S_20230319,13.801814475581978
BC_C_J_20230319,101.75355049896068
RD_A_S_20230319,52.46041939441196
BC_B_S_20230319,0.0
BC_B_J_20230319,146.0676889355285
RD_D_J_20230319,0.0
RD_E_S_20230319,0.0
CR_A_J_20230319,0.0
RD_E_J_20230319,0.0
BC_C_S_20230319,0.0
BC_A_J_20230319,101.12933794517429
RD_D_S_20230319,49.49219885214214
CR_C_J_20230319,0.0
BC_E_S_20230319,0.0
BC_A_S_20230319,0.0
CB_F_J_20230319,0.0
CR_B_J_20230319,0.0
CR_D_J_20230319,0.0
CR_E_J_20230319,0.0
CB_D_J_20230319,61.991590589808055
CB_A_J_20230319,0.0
RD_F_J_20230319,10.38926332267988
CR_E_S_20230319,0.0
RD_A_J_20230319,0.0
CB_E_J_20230319,0.0
CB_A_S_20230319,318.95205281886217
BC_D_J_20230319,184.16805728850414
RD_D_J_20230320,413.42655838283827
CR_C_J_20230320,1572.3938127111528
CB_A_J_20230320,789.7178466190153
CB_A_S_20230320,425.91300306137236
BC_B_J_20230320,2066.3007878868953
RD_E_J_20230320,488.6470030126661
CR_D_S_20230320,0.0
RD_A_J_20230320,739.3247590878336
CB_E_J_20230320,329.9053992462328
RD_C_S_20230320,71.7328620876603
CR_B_J_20230320,839.9878135656733
BC_C_J_20230320,1734.0776962240302
BC_C_S_20230320,0.0
BC_B_S_20230320,404.54326650985695
RD_D_S_20230320,520.8702571487757
CB_D_J_20230320,610.3293689629143
BC_E_S_20230320,2457.7741554913555
CR_D_J_20230320,1870.2460234721989
CR_E_J_20230320,1846.6949066487075
BC_A_S_20230320,2636.316401826324
CB_F_J_20230320,685.2335176625098
CR_E_S_20230320,0.0
BC_E_J_20230320,2604.2222387412426
RD_A_S_20230320,552.3323201405951
BC_D_J_20230320,2419.4882486374963
RD_F_J_20230320,544.8819370993002
CR_A_J_20230320,2149.750626922581
RD_E_S_20230320,417.0928154031889
BC_A_J_20230320,2603.0191434305216
RD_D_S_20230321,504.8528133140454
CB_A_S_20230321,417.20705166893765
BC_D_J_20230321,2312.8649523740496
CR_C_J_20230321,1097.0777669990696
BC_C_J_20230321,1615.6537517810052
CB_D_J_20230321,575.2558788660803
BC_E_S_20230321,2400.875663873857
BC_E_J_20230321,2518.280474544039
BC_A_J_20230321,2538.016126742994
RD_F_J_20230321,517.0993952226262
BC_C_S_20230321,0.0
CR_A_J_20230321,2175.528332708335
CB_A_J_20230321,771.1951251444802
RD_D_J_20230321,396.20553099201527
RD_E_J_20230321,441.64403883283956
CB_E_J_20230321,314.7979276439324
CR_B_J_20230321,641.0730725821377
RD_E_S_20230321,400.8930443044372
BC_B_J_20230321,1956.2830386104274
BC_A_S_20230321,2661.942798081619
RD_C_S_20230321,44.125048865273016
BC_B_S_20230321,0.0
RD_A_S_20230321,543.5805163550333
CB_F_J_20230321,651.5416462810342
CR_E_J_20230321,1822.2935086495045
CR_D_S_20230321,0.0
CR_E_S_20230321,0.0
RD_A_J_20230321,674.3757594601655
CR_D_J_20230321,1855.805256545596
BC_B_J_20230322,1971.847225923211
BC_B_S_20230322,0.0
BC_E_S_20230322,2334.4876396915524
RD_F_J_20230322,503.3125692557335
RD_A_S_20230322,502.8444558251066
CB_E_J_20230322,285.975978513491
CR_A_J_20230322,2193.394971970716
CR_B_J_20230322,638.3609619599415
RD_C_S_20230322,55.77724179046885
RD_A_J_20230322,656.972305859108
BC_C_J_20230322,1741.0705317155494
CR_D_S_20230322,0.0
RD_E_J_20230322,407.6540454112002
RD_E_S_20230322,312.1783164369466
CB_A_J_20230322,767.6216156719637
BC_C_S_20230322,0.0
RD_D_J_20230322,377.97481954777993
CB_A_S_20230322,417.47801466722024
BC_A_S_20230322,2432.2820285098005
CR_D_J_20230322,1854.823615677184
CB_D_J_20230322,538.2512530015513
BC_D_J_20230322,2392.460291769682
BC_E_J_20230322,2578.462263226941
CR_C_J_20230322,1608.9636018843712
CR_E_J_20230322,1836.0138817352927
CR_E_S_20230322,0.0
RD_D_S_20230322,461.7437596050821
BC_A_J_20230322,2614.1283067001427
CB_F_J_20230322,636.933270113166
CR_A_J_20230323,2188.6486771277796
RD_F_J_20230323,486.6900187620291
BC_D_J_20230323,2379.2674607461768
RD_A_J_20230323,627.0701689414964
BC_A_S_20230323,2733.492358125768
BC_C_J_20230323,1739.7757683153923
RD_A_S_20230323,467.66342170750323
CB_D_J_20230323,537.1300240536159
BC_E_S_20230323,2268.0776504366913
CR_E_J_20230323,1799.7108980181074
RD_E_S_20230323,219.61980786430797
BC_A_J_20230323,2579.4297026482163
CB_A_J_20230323,725.0678318836603
CR_B_J_20230323,680.6199184374466
CB_A_S_20230323,388.0520734002492
RD_D_S_20230323,447.45797344888194
CB_E_J_20230323,261.14033139531614
CB_F_J_20230323,631.4221760717338
RD_C_S_20230323,62.18276483582258
CR_C_J_20230323,1629.0957466293214
BC_B_J_20230323,1914.4333152283552
BC_C_S_20230323,0.0
RD_E_J_20230323,371.9736269199997
CR_D_S_20230323,0.0
RD_D_J_20230323,381.1675467506949
BC_E_J_20230323,2505.7139139694314
BC_B_S_20230323,0.0
CR_D_J_20230323,1854.0533476869598
CR_E_S_20230323,0.0
CB_D_J_20230324,540.1793820598315
BC_D_J_20230324,2308.2834955894627
CB_F_J_20230324,626.5140816403116
RD_D_J_20230324,384.955718523334
CR_E_S_20230324,0.0
BC_C_J_20230324,1654.6901996600857
CR_C_J_20230324,1696.086945786097
BC_A_S_20230324,2772.7096828599088
CR_D_J_20230324,1864.0990713287465
RD_D_S_20230324,446.96002173077466
BC_C_S_20230324,120.39128628121097
CR_E_J_20230324,1815.3173871761205
BC_A_J_20230324,2568.401829746124
CB_A_J_20230324,717.0232033147515
RD_A_J_20230324,625.5789807533978
RD_F_J_20230324,487.59888819459945
CR_A_J_20230324,2229.463755569842
BC_E_J_20230324,2483.0178065064274
BC_B_S_20230324,0.0
CR_D_S_20230324,0.0
RD_E_J_20230324,383.18046994062706
RD_E_S_20230324,207.11210276931274
CB_A_S_20230324,377.75687724764225
BC_B_J_20230324,1870.8014963836465
RD_A_S_20230324,468.8890470592314
RD_C_S_20230324,58.47098640065204
CB_E_J_20230324,273.5079834163525
CR_B_J_20230324,1522.64042003346
BC_E_S_20230324,2363.3690811892247
RD_F_J_20230325,440.886023961245
BC_A_S_20230325,2873.7313167929638
CB_A_S_20230325,368.2177698741832
BC_B_J_20230325,2037.8894357905733
BC_E_J_20230325,2765.7422030549537
BC_C_J_20230325,1632.3956673397925
BC_B_S_20230325,145.07195457727013
CR_D_S_20230325,0.0
BC_C_S_20230325,0.0
CR_E_S_20230325,0.0
CR_C_J_20230325,1119.9988328427776
CR_D_J_20230325,772.5867413603978
CB_E_J_20230325,236.24573212475948
RD_D_S_20230325,417.5852420737505
CR_B_J_20230325,387.00270741150774
RD_E_J_20230325,323.47787796718757
CB_F_J_20230325,647.9960325899144
CB_A_J_20230325,477.7231558077895
RD_C_S_20230325,49.32132868311015
CR_A_J_20230325,1315.328311645639
RD_E_S_20230325,92.54003466030959
RD_D_J_20230325,301.9955120747767
BC_E_S_20230325,2573.7429999985256
CR_E_J_20230325,477.89257040300447
CB_D_J_20230325,542.221491365282
BC_D_J_20230325,2591.984904518388
BC_A_J_20230325,2842.1025677409825
RD_A_S_20230325,421.6227751368243
RD_A_J_20230325,306.8887435748293
CR_E_J_20230326,0.0
RD_A_J_20230326,0.0
BC_E_J_20230326,108.35658127403647
CR_D_J_20230326,0.0
BC_B_S_20230326,0.0
CB_F_J_20230326,0.0
RD_C_S_20230326,21.752118991905775
RD_A_S_20230326,55.42456056565135
CR_E_S_20230326,0.0
CR_D_S_20230326,0.0
CB_E_J_20230326,0.0
BC_C_S_20230326,0.0
BC_C_J_20230326,0.0
BC_A_S_20230326,110.90141921536264
CB_D_J_20230326,60.03123444803097
CB_A_S_20230326,308.57113891296643
BC_D_J_20230326,136.16738474616372
BC_A_J_20230326,113.70202668464553
RD_F_J_20230326,12.186168846846414
BC_E_S_20230326,112.44195912210611
RD_E_S_20230326,0.0
CB_A_J_20230326,0.0
RD_D_J_20230326,0.0
RD_E_J_20230326,0.0
CR_B_J_20230326,0.0
BC_B_J_20230326,0.0
RD_D_S_20230326,53.571419024321585
CR_C_J_20230326,0.0
CR_A_J_20230326,0.0
BC_D_J_20230327,2395.614148569125
BC_C_S_20230327,0.0
BC_C_J_20230327,1575.9873536433927
CB_A_S_20230327,352.08080117586064
RD_D_S_20230327,495.12173341196683
RD_E_J_20230327,489.1329901210184
CR_B_J_20230327,1808.6284574790513
BC_E_J_20230327,2583.138553156934
CR_C_J_20230327,1642.647857791106
RD_D_J_20230327,438.549514853798
CR_D_J_20230327,1916.5941537642052
RD_C_S_20230327,55.039412947740146
CR_D_S_20230327,0.0
CB_F_J_20230327,684.9809244490848
RD_A_S_20230327,512.7961056924999
CR_E_J_20230327,1852.3550240285101
RD_A_J_20230327,928.5382956048367
CR_E_S_20230327,0.0
CB_E_J_20230327,355.38666582198584
CB_A_J_20230327,905.6105408661252
CB_D_J_20230327,620.9778062401646
RD_F_J_20230327,554.9798999538441
CR_A_J_20230327,2158.3575831232956
RD_E_S_20230327,408.110647885018
BC_B_J_20230327,2049.6481300700266
BC_B_S_20230327,0.0
BC_A_J_20230327,2643.2673800236653
BC_A_S_20230327,2632.8235899944057
BC_E_S_20230327,2382.042655239211
CB_F_J_20230328,655.8176314373338
RD_A_S_20230328,505.30549944690625
BC_B_J_20230328,1815.9526794752605
CR_E_J_20230328,1842.756836374973
RD_E_S_20230328,379.31133368835947
CR_E_S_20230328,0.0
CB_E_J_20230328,352.21743611712
CB_D_J_20230328,568.6039177968972
CB_A_J_20230328,727.3951909803004
BC_B_S_20230328,0.0
BC_D_J_20230328,2358.281632316223
RD_F_J_20230328,509.53207645884316
CB_A_S_20230328,352.03273145131186
RD_A_J_20230328,680.7430579906107
CR_D_S_20230328,0.0
BC_C_J_20230328,1570.3954941635382
CR_A_J_20230328,2146.5823053655804
BC_E_S_20230328,2304.931479021701
RD_E_J_20230328,419.0859556982789
BC_A_J_20230328,2706.778346866249
CR_B_J_20230328,1401.20627336385
BC_E_J_20230328,2601.981012980801
RD_D_S_20230328,481.71931696374577
CR_C_J_20230328,1654.420066860813
RD_D_J_20230328,389.37103525379405
BC_A_S_20230328,2537.3254732592577
BC_C_S_20230328,0.0
CR_D_J_20230328,1891.6080074601107
RD_C_S_20230328,38.69019709286886
BC_E_S_20230329,2243.325559877533
RD_F_J_20230329,512.216498968703
BC_E_J_20230329,2486.266978248436
CB_F_J_20230329,657.1509494282286
BC_A_J_20230329,2543.006036548215
RD_E_J_20230329,384.2364676202852
BC_B_J_20230329,1644.4213811218447
CR_B_J_20230329,1352.2020437878664
CR_E_J_20230329,1827.5234982681932
CR_E_S_20230329,0.0
CB_D_J_20230329,540.1409439684159
RD_D_S_20230329,460.0687302827174
RD_E_S_20230329,307.2816411816429
BC_B_S_20230329,0.0
CR_C_J_20230329,1587.2070145056687
CB_A_J_20230329,724.8198112424474
RD_A_S_20230329,480.53762839340067
BC_A_S_20230329,2496.110815283185
BC_C_S_20230329,0.0
BC_D_J_20230329,2336.326276473926
CR_D_S_20230329,0.0
CB_A_S_20230329,358.9924794756416
RD_C_S_20230329,42.66628954864345
BC_C_J_20230329,1598.0257730940189
RD_A_J_20230329,712.92957164644
CR_D_J_20230329,1893.7493425651674
RD_D_J_20230329,378.40800017279344
CB_E_J_20230329,313.01319666957517
CR_A_J_20230329,2153.828125020736
CR_A_J_20230330,2159.8665437854515
CR_E_J_20230330,1830.9928912592754
BC_E_S_20230330,2362.543232452235
BC_D_J_20230330,2246.2987452574794
RD_E_J_20230330,401.9401634821615
CR_B_J_20230330,1356.890417465497
RD_D_S_20230330,442.3606454957417
CR_C_J_20230330,1579.026591095547
RD_A_S_20230330,465.4977387352099
RD_D_J_20230330,387.7808026267177
CR_D_J_20230330,1876.6223574292499
RD_C_S_20230330,62.8919318120393
RD_A_J_20230330,668.1808484275941
RD_E_S_20230330,255.83676157820514
BC_E_J_20230330,2500.3924566831593
CB_A_S_20230330,362.5943938252228
BC_C_S_20230330,0.0
CB_A_J_20230330,683.4239462354471
BC_C_J_20230330,1611.9041014214831
RD_F_J_20230330,499.12528095029603
BC_B_S_20230330,0.0
CB_D_J_20230330,538.356502603334
CB_F_J_20230330,658.0554772494074
BC_B_J_20230330,1629.2697864973707
BC_A_J_20230330,2520.7241367196757
CB_E_J_20230330,335.40603187201805
CR_E_S_20230330,0.0
BC_A_S_20230330,2531.1839984262606
CR_D_S_20230330,0.0
CB_D_J_20230331,493.0302374658113
CB_F_J_20230331,668.0180812218567
CB_A_J_20230331,861.8713260032937
RD_A_J_20230331,888.9387307593547
CR_E_S_20230331,0.0
CR_D_S_20230331,0.0
CR_E_J_20230331,1826.7246942428992
CB_A_S_20230331,365.3211339021278
CB_E_J_20230331,236.47565205349935
RD_E_J_20230331,467.6666895579583
RD_C_S_20230331,55.57866843990283
BC_C_S_20230331,218.77832448659908
BC_C_J_20230331,1091.611336504507
BC_B_S_20230331,853.2682417925596
BC_E_J_20230331,2442.632100272418
BC_B_J_20230331,1569.3846439839147
BC_A_S_20230331,2566.5914397620827
RD_A_S_20230331,468.11766177858084
BC_A_J_20230331,2490.9717342551967
RD_E_S_20230331,263.71721893852157
BC_E_S_20230331,2433.1142130018293
CR_A_J_20230331,2107.026709707878
BC_D_J_20230331,2238.5165614466578
CR_B_J_20230331,1719.7990752908172
RD_D_S_20230331,431.9658189183751
CR_C_J_20230331,1757.552641031105
RD_D_J_20230331,341.04289003854655
CR_D_J_20230331,1855.1617144452875
RD_F_J_20230331,541.4275038849394
